Year,Homeless Total
2013,1.726131858
2014,0.5785386995
2015,-0.07903534146
2016,-0.9010028927
2017,-0.638605559
2018,-0.5342789083
2019,-0.7397707961