Year,FO Housing
2013,1.425094094
2014,0.4357931404
2015,-0.04019341475
2016,-1.012300937
2017,0.07179011415
2018,0.1021048472
2019,0.3154391255