Year,FO Population
2013,-0.2830879657
2014,-0.02451157907
2015,-0.2126275621
2016,-0.545652677
2017,0.01337750586
2018,2.361836051
2019,-0.9198904808