Year,SO Poverty Perc
2013,1.62764463
2014,0.1808494033
2015,0.2344344117
2016,-0.3550006806
2017,-0.03349063025
2018,0.2344344117
2019,0.1272643949